,bpp,PSNR,MS-SSIM,LPIPS,epoch
Best_PSNR,0.01463148,20.83723551,0.66414242,0.18860623,11
Best_LPIPS,0.01463148,20.83723551,0.66414242,0.18860623,11
Best_MS-SSIM,0.01463148,20.83723551,0.66414242,0.18860623,11
Best_bpp,0.00889418,19.69086097,0.60453873,0.29093852,2
